stamp,elapsed,x,y,z,frame_id
1786503059.770796,0.000000,-0.005380,-0.146310,-1.457720,ndi
1786503059.785763,0.014967,-0.005370,-0.146330,-1.457720,ndi
1786503059.803217,0.032421,-0.005380,-0.146330,-1.457720,ndi
1786503059.818283,0.047487,-0.005380,-0.146320,-1.457740,ndi
1786503059.835720,0.064924,-0.005380,-0.146310,-1.457730,ndi
1786503059.853220,0.082424,-0.005370,-0.146330,-1.457740,ndi
1786503059.870764,0.099968,-0.005370,-0.146330,-1.457750,ndi
1786503059.885736,0.114940,-0.005380,-0.146310,-1.457730,ndi
1786503059.903343,0.132547,-0.005390,-0.146320,-1.457740,ndi
1786503059.918397,0.147601,-0.005370,-0.146330,-1.457740,ndi
1786503059.935935,0.165139,-0.005380,-0.146320,-1.457750,ndi
1786503059.953393,0.182597,-0.005380,-0.146310,-1.457750,ndi
1786503059.970775,0.199979,-0.005380,-0.146320,-1.457760,ndi
1786503059.985706,0.214910,-0.005380,-0.146340,-1.457720,ndi
1786503060.003217,0.232421,-0.005370,-0.146320,-1.457750,ndi
1786503060.020941,0.250145,-0.005380,-0.146310,-1.457760,ndi
1786503060.035839,0.265043,-0.005380,-0.146320,-1.457750,ndi
1786503060.053354,0.282557,-0.005360,-0.146340,-1.457760,ndi
1786503060.070755,0.299959,-0.005390,-0.146320,-1.457760,ndi
1786503060.085733,0.314937,-0.005370,-0.146310,-1.457750,ndi
1786503060.103429,0.332633,-0.005380,-0.146330,-1.457770,ndi
1786503060.120957,0.350161,-0.005380,-0.146340,-1.457760,ndi
1786503060.135896,0.365100,-0.005380,-0.146320,-1.457780,ndi
1786503060.153420,0.382624,-0.005380,-0.146310,-1.457770,ndi
1786503060.170765,0.399969,-0.005370,-0.146330,-1.457760,ndi
1786503060.185709,0.414913,-0.005380,-0.146330,-1.457770,ndi
1786503060.203319,0.432523,-0.005380,-0.146320,-1.457750,ndi
1786503060.220806,0.450010,-0.005380,-0.146310,-1.457760,ndi
1786503060.235709,0.464913,-0.005380,-0.146330,-1.457780,ndi
1786503060.253274,0.482478,-0.005380,-0.146330,-1.457750,ndi
1786503060.268385,0.497589,-0.005380,-0.146320,-1.457780,ndi
1786503060.285709,0.514913,-0.005380,-0.146320,-1.457770,ndi
1786503060.303298,0.532502,-0.005380,-0.146330,-1.457770,ndi
1786503060.318481,0.547685,-0.005380,-0.146330,-1.457790,ndi
1786503060.335795,0.564999,-0.005380,-0.146320,-1.457760,ndi
1786503060.353254,0.582458,-0.005380,-0.146310,-1.457760,ndi
1786503060.370797,0.600001,-0.005380,-0.146330,-1.457740,ndi
1786503060.385765,0.614969,-0.005380,-0.146330,-1.457750,ndi
1786503060.403291,0.632494,-0.005380,-0.146320,-1.457740,ndi
1786503060.420732,0.649936,-0.005380,-0.146320,-1.457740,ndi
1786503060.435669,0.664873,-0.005380,-0.146330,-1.457750,ndi
1786503060.453275,0.682479,-0.005380,-0.146330,-1.457740,ndi
1786503060.468344,0.697548,-0.005370,-0.146320,-1.457750,ndi
1786503060.485735,0.714939,-0.005380,-0.146320,-1.457730,ndi
1786503060.503276,0.732480,-0.005380,-0.146330,-1.457750,ndi
1786503060.520740,0.749943,-0.005380,-0.146330,-1.457740,ndi
1786503060.535773,0.764977,-0.005380,-0.146320,-1.457730,ndi
1786503060.553339,0.782543,-0.005380,-0.146320,-1.457760,ndi
1786503060.570792,0.799996,-0.005380,-0.146330,-1.457730,ndi
1786503060.585779,0.814983,-0.005380,-0.146330,-1.457740,ndi
1786503060.603262,0.832466,-0.005380,-0.146320,-1.457740,ndi
1786503060.620693,0.849897,-0.005370,-0.146320,-1.457740,ndi
1786503060.635791,0.864995,-0.005360,-0.146340,-1.457740,ndi
1786503060.653273,0.882477,-0.005380,-0.146330,-1.457740,ndi
1786503060.668357,0.897561,-0.005380,-0.146320,-1.457740,ndi
1786503060.685753,0.914957,-0.005370,-0.146320,-1.457740,ndi
1786503060.703357,0.932560,-0.005380,-0.146330,-1.457730,ndi
1786503060.720790,0.949994,-0.005370,-0.146320,-1.457730,ndi
1786503060.735770,0.964974,-0.005380,-0.146310,-1.457740,ndi
1786503060.753379,0.982583,-0.005380,-0.146320,-1.457750,ndi
1786503060.770756,0.999960,-0.005370,-0.146340,-1.457740,ndi
1786503060.785738,1.014941,-0.005370,-0.146330,-1.457750,ndi
1786503060.803274,1.032478,-0.005370,-0.146310,-1.457730,ndi
1786503060.820852,1.050056,-0.005380,-0.146330,-1.457720,ndi
1786503060.835924,1.065128,-0.005380,-0.146330,-1.457730,ndi
1786503060.853388,1.082592,-0.005370,-0.146320,-1.457750,ndi
1786503060.868375,1.097579,-0.005380,-0.146310,-1.457730,ndi
1786503060.885755,1.114959,-0.005380,-0.146330,-1.457750,ndi
1786503060.903493,1.132697,-0.005380,-0.146340,-1.457730,ndi
1786503060.920959,1.150163,-0.005380,-0.146310,-1.457730,ndi
1786503060.935939,1.165143,-0.005380,-0.146310,-1.457730,ndi
1786503060.953387,1.182591,-0.005380,-0.146340,-1.457730,ndi
1786503060.968249,1.197453,-0.005380,-0.146340,-1.457730,ndi
1786503060.985776,1.214980,-0.005380,-0.146310,-1.457730,ndi
1786503061.003336,1.232540,-0.005380,-0.146320,-1.457730,ndi
1786503061.020767,1.249971,-0.005380,-0.146340,-1.457720,ndi
1786503061.035799,1.265003,-0.005380,-0.146340,-1.457730,ndi
1786503061.053483,1.282686,-0.005380,-0.146310,-1.457730,ndi
1786503061.068385,1.297589,-0.005380,-0.146310,-1.457730,ndi
1786503061.085747,1.314951,-0.005380,-0.146330,-1.457730,ndi
1786503061.103489,1.332693,-0.005380,-0.146330,-1.457720,ndi
1786503061.118478,1.347682,-0.005380,-0.146320,-1.457730,ndi
1786503061.135933,1.365137,-0.005380,-0.146310,-1.457720,ndi
1786503061.153429,1.382632,-0.005380,-0.146330,-1.457710,ndi
1786503061.168409,1.397613,-0.005380,-0.146330,-1.457720,ndi
1786503061.185772,1.414976,-0.005380,-0.146320,-1.457740,ndi
1786503061.203332,1.432536,-0.005380,-0.146310,-1.457740,ndi
1786503061.220774,1.449978,-0.005360,-0.146330,-1.457730,ndi
1786503061.235852,1.465056,-0.005380,-0.146330,-1.457710,ndi
1786503061.253325,1.482529,-0.005380,-0.146320,-1.457710,ndi
1786503061.268415,1.497619,-0.005370,-0.146320,-1.457720,ndi
1786503061.285759,1.514963,-0.005380,-0.146320,-1.457710,ndi
1786503061.303263,1.532467,-0.005380,-0.146340,-1.457730,ndi
1786503061.318466,1.547670,-0.005370,-0.146320,-1.457720,ndi
1786503061.335911,1.565115,-0.005380,-0.146320,-1.457720,ndi
1786503061.353405,1.582609,-0.005370,-0.146330,-1.457720,ndi
1786503061.368461,1.597665,-0.005370,-0.146330,-1.457710,ndi
1786503061.385762,1.614966,-0.005370,-0.146320,-1.457710,ndi
1786503061.403325,1.632529,-0.005370,-0.146320,-1.457710,ndi
1786503061.420875,1.650079,-0.005380,-0.146330,-1.457710,ndi
1786503061.435849,1.665053,-0.005380,-0.146340,-1.457700,ndi
1786503061.453360,1.682564,-0.005380,-0.146320,-1.457690,ndi
1786503061.468382,1.697586,-0.005380,-0.146310,-1.457710,ndi
1786503061.485771,1.714975,-0.005380,-0.146330,-1.457720,ndi
1786503061.503313,1.732517,-0.005380,-0.146330,-1.457700,ndi
1786503061.518397,1.747601,-0.005370,-0.146330,-1.457730,ndi
1786503061.535943,1.765147,-0.005380,-0.146320,-1.457700,ndi
1786503061.553381,1.782585,-0.005380,-0.146330,-1.457690,ndi
1786503061.568350,1.797554,-0.005370,-0.146340,-1.457720,ndi
1786503061.585710,1.814914,-0.005380,-0.146320,-1.457720,ndi
1786503061.603203,1.832407,-0.005380,-0.146320,-1.457710,ndi
1786503061.620794,1.849998,-0.005370,-0.146330,-1.457720,ndi
1786503061.635974,1.865178,-0.005380,-0.146330,-1.457720,ndi
1786503061.653420,1.882624,-0.005380,-0.146320,-1.457710,ndi
1786503061.668382,1.897586,-0.005370,-0.146320,-1.457710,ndi
1786503061.685751,1.914955,-0.005380,-0.146330,-1.457700,ndi
1786503061.703393,1.932596,-0.005380,-0.146330,-1.457710,ndi
1786503061.718534,1.947738,-0.005370,-0.146320,-1.457700,ndi
1786503061.735855,1.965059,-0.005370,-0.146320,-1.457710,ndi
1786503061.753276,1.982480,-0.005380,-0.146330,-1.457710,ndi
1786503061.770797,2.000001,-0.005380,-0.146330,-1.457710,ndi
1786503061.785702,2.014906,-0.005380,-0.146320,-1.457730,ndi
1786503061.803298,2.032502,-0.005370,-0.146320,-1.457730,ndi
1786503061.820871,2.050075,-0.005380,-0.146330,-1.457750,ndi
1786503061.835842,2.065046,-0.005380,-0.146330,-1.457730,ndi
1786503061.853399,2.082603,-0.005370,-0.146310,-1.457730,ndi
1786503061.868395,2.097599,-0.005380,-0.146320,-1.457750,ndi
1786503061.885729,2.114933,-0.005380,-0.146340,-1.457740,ndi
1786503061.903349,2.132553,-0.005380,-0.146330,-1.457730,ndi
1786503061.920840,2.150044,-0.005380,-0.146310,-1.457740,ndi
1786503061.935795,2.164999,-0.005380,-0.146320,-1.457750,ndi
1786503061.953411,2.182615,-0.005380,-0.146340,-1.457740,ndi
1786503061.968483,2.197687,-0.005380,-0.146330,-1.457720,ndi
1786503061.985667,2.214871,-0.005370,-0.146310,-1.457730,ndi
1786503062.003321,2.232525,-0.005370,-0.146320,-1.457720,ndi
1786503062.018600,2.247803,-0.005370,-0.146340,-1.457730,ndi
1786503062.035988,2.265192,-0.005370,-0.146330,-1.457750,ndi
1786503062.053449,2.282653,-0.005380,-0.146310,-1.457760,ndi
1786503062.068390,2.297594,-0.005370,-0.146320,-1.457730,ndi
1786503062.085736,2.314940,-0.005380,-0.146340,-1.457750,ndi
1786503062.103294,2.332498,-0.005380,-0.146320,-1.457730,ndi
1786503062.118425,2.347629,-0.005380,-0.146310,-1.457740,ndi
1786503062.135904,2.365108,-0.005380,-0.146330,-1.457740,ndi
1786503062.153367,2.382571,-0.005370,-0.146340,-1.457730,ndi
1786503062.168392,2.397596,-0.005370,-0.146320,-1.457720,ndi
1786503062.185653,2.414857,-0.005380,-0.146310,-1.457730,ndi
1786503062.203399,2.432603,-0.005380,-0.146320,-1.457720,ndi
1786503062.218524,2.447728,-0.005370,-0.146340,-1.457740,ndi
1786503062.235945,2.465149,-0.005370,-0.146320,-1.457730,ndi
1786503062.253296,2.482500,-0.005380,-0.146310,-1.457740,ndi
1786503062.268380,2.497584,-0.005370,-0.146330,-1.457740,ndi
1786503062.285781,2.514985,-0.005380,-0.146330,-1.457740,ndi
1786503062.303321,2.532525,-0.005380,-0.146320,-1.457750,ndi
1786503062.318408,2.547612,-0.005370,-0.146320,-1.457760,ndi
1786503062.335826,2.565030,-0.005380,-0.146340,-1.457750,ndi
1786503062.353409,2.582613,-0.005370,-0.146330,-1.457760,ndi
1786503062.368452,2.597656,-0.005380,-0.146320,-1.457760,ndi
1786503062.385655,2.614859,-0.005380,-0.146320,-1.457780,ndi
1786503062.403345,2.632549,-0.005380,-0.146340,-1.457760,ndi
1786503062.418550,2.647754,-0.005380,-0.146340,-1.457780,ndi
1786503062.435848,2.665052,-0.005380,-0.146320,-1.457760,ndi
1786503062.453303,2.682507,-0.005380,-0.146330,-1.457760,ndi
1786503062.470770,2.699974,-0.005380,-0.146340,-1.457760,ndi
1786503062.485757,2.714961,-0.005370,-0.146330,-1.457760,ndi
1786503062.503308,2.732512,-0.005380,-0.146320,-1.457770,ndi
1786503062.518337,2.747541,-0.005370,-0.146330,-1.457740,ndi
1786503062.535899,2.765103,-0.005380,-0.146340,-1.457740,ndi
1786503062.553399,2.782603,-0.005380,-0.146330,-1.457760,ndi
1786503062.570685,2.799889,-0.005370,-0.146320,-1.457750,ndi
1786503062.585701,2.814905,-0.005370,-0.146330,-1.457760,ndi
1786503062.603334,2.832538,-0.005380,-0.146340,-1.457750,ndi
1786503062.620904,2.850108,-0.005380,-0.146320,-1.457740,ndi
1786503062.635936,2.865139,-0.005380,-0.146320,-1.457750,ndi
1786503062.653444,2.882648,-0.005380,-0.146330,-1.457740,ndi
1786503062.668365,2.897568,-0.005380,-0.146330,-1.457750,ndi
1786503062.685814,2.915018,-0.005370,-0.146320,-1.457750,ndi
1786503062.703372,2.932576,-0.005380,-0.146320,-1.457730,ndi
1786503062.718566,2.947770,-0.005380,-0.146330,-1.457730,ndi
1786503062.735831,2.965035,-0.005380,-0.146330,-1.457750,ndi
1786503062.753318,2.982522,-0.005380,-0.146310,-1.457740,ndi
1786503062.768275,2.997479,-0.005370,-0.146330,-1.457740,ndi
1786503062.785732,3.014936,-0.005380,-0.146340,-1.457730,ndi
1786503062.803385,3.032588,-0.005370,-0.146330,-1.457740,ndi
1786503062.818544,3.047748,-0.005380,-0.146320,-1.457730,ndi
1786503062.835882,3.065086,-0.005380,-0.146320,-1.457730,ndi
1786503062.853445,3.082649,-0.005370,-0.146340,-1.457750,ndi
1786503062.870836,3.100040,-0.005380,-0.146330,-1.457750,ndi
1786503062.885773,3.114977,-0.005380,-0.146320,-1.457770,ndi
1786503062.903325,3.132529,-0.005380,-0.146330,-1.457730,ndi
1786503062.918475,3.147679,-0.005380,-0.146340,-1.457720,ndi
1786503062.935838,3.165042,-0.005380,-0.146320,-1.457730,ndi
1786503062.953299,3.182503,-0.005380,-0.146310,-1.457740,ndi
1786503062.970668,3.199872,-0.005380,-0.146330,-1.457740,ndi
1786503062.985743,3.214947,-0.005380,-0.146340,-1.457720,ndi
1786503063.003325,3.232529,-0.005370,-0.146320,-1.457730,ndi
1786503063.018406,3.247610,-0.005380,-0.146310,-1.457730,ndi
1786503063.035827,3.265031,-0.005380,-0.146330,-1.457710,ndi
1786503063.053343,3.282547,-0.005370,-0.146340,-1.457720,ndi
1786503063.070849,3.300053,-0.005380,-0.146320,-1.457710,ndi
1786503063.085783,3.314986,-0.005380,-0.146320,-1.457720,ndi
1786503063.103379,3.332583,-0.005380,-0.146340,-1.457690,ndi
1786503063.118376,3.347580,-0.005380,-0.146340,-1.457680,ndi
1786503063.135843,3.365047,-0.005380,-0.146320,-1.457690,ndi
1786503063.153320,3.382524,-0.005380,-0.146330,-1.457690,ndi
1786503063.168284,3.397488,-0.005360,-0.146350,-1.457690,ndi
1786503063.185821,3.415025,-0.005380,-0.146340,-1.457660,ndi
1786503063.203387,3.432591,-0.005390,-0.146310,-1.457670,ndi
1786503063.218572,3.447776,-0.005370,-0.146330,-1.457680,ndi
1786503063.235997,3.465201,-0.005380,-0.146350,-1.457670,ndi
1786503063.253458,3.482662,-0.005380,-0.146330,-1.457670,ndi
1786503063.268388,3.497591,-0.005370,-0.146320,-1.457690,ndi
1786503063.285810,3.515013,-0.005380,-0.146330,-1.457680,ndi
1786503063.303445,3.532649,-0.005370,-0.146340,-1.457670,ndi
1786503063.318614,3.547817,-0.005380,-0.146330,-1.457670,ndi
1786503063.336021,3.565225,-0.005380,-0.146320,-1.457680,ndi
1786503063.353380,3.582584,-0.005370,-0.146340,-1.457700,ndi
1786503063.370804,3.600008,-0.005380,-0.146340,-1.457710,ndi
1786503063.385815,3.615019,-0.005380,-0.146320,-1.457690,ndi
1786503063.403440,3.632644,-0.005380,-0.146320,-1.457700,ndi
1786503063.421026,3.650230,-0.005380,-0.146340,-1.457700,ndi
1786503063.436024,3.665228,-0.005380,-0.146330,-1.457680,ndi
1786503063.453471,3.682675,-0.005380,-0.146320,-1.457690,ndi
1786503063.468375,3.697579,-0.005380,-0.146320,-1.457700,ndi
1786503063.485788,3.714992,-0.005370,-0.146340,-1.457720,ndi
1786503063.503310,3.732514,-0.005380,-0.146330,-1.457690,ndi
1786503063.520840,3.750044,-0.005380,-0.146310,-1.457690,ndi
1786503063.535948,3.765152,-0.005380,-0.146320,-1.457700,ndi
1786503063.553356,3.782560,-0.005370,-0.146330,-1.457710,ndi
1786503063.568335,3.797539,-0.005380,-0.146330,-1.457710,ndi
1786503063.585801,3.815005,-0.005380,-0.146310,-1.457740,ndi
1786503063.603428,3.832632,-0.005380,-0.146320,-1.457720,ndi
1786503063.621027,3.850230,-0.005380,-0.146340,-1.457730,ndi
1786503063.635928,3.865132,-0.005380,-0.146320,-1.457720,ndi
1786503063.653304,3.882508,-0.005390,-0.146310,-1.457720,ndi
1786503063.668356,3.897560,-0.005380,-0.146330,-1.457720,ndi
1786503063.685801,3.915005,-0.005380,-0.146330,-1.457710,ndi
1786503063.703376,3.932580,-0.005380,-0.146320,-1.457700,ndi
1786503063.720829,3.950033,-0.005380,-0.146320,-1.457690,ndi
1786503063.735958,3.965162,-0.005390,-0.146330,-1.457700,ndi
1786503063.753403,3.982607,-0.005370,-0.146340,-1.457700,ndi
1786503063.768414,3.997617,-0.005370,-0.146320,-1.457700,ndi
1786503063.785792,4.014996,-0.005380,-0.146320,-1.457700,ndi
1786503063.803426,4.032630,-0.005370,-0.146330,-1.457670,ndi
1786503063.818563,4.047767,-0.005370,-0.146330,-1.457670,ndi
1786503063.836011,4.065215,-0.005370,-0.146320,-1.457680,ndi
1786503063.853458,4.082662,-0.005370,-0.146320,-1.457680,ndi
1786503063.868382,4.097586,-0.005370,-0.146330,-1.457680,ndi
1786503063.885826,4.115030,-0.005370,-0.146330,-1.457660,ndi
1786503063.903360,4.132564,-0.005380,-0.146320,-1.457690,ndi
1786503063.918392,4.147596,-0.005370,-0.146330,-1.457690,ndi
1786503063.935771,4.164975,-0.005360,-0.146340,-1.457680,ndi
1786503063.953210,4.182414,-0.005360,-0.146330,-1.457720,ndi
1786503063.968367,4.197571,-0.005380,-0.146320,-1.457710,ndi
1786503063.985790,4.214994,-0.005370,-0.146330,-1.457680,ndi
1786503064.003321,4.232525,-0.005370,-0.146340,-1.457690,ndi
1786503064.020851,4.250055,-0.005370,-0.146320,-1.457670,ndi
1786503064.035824,4.265028,-0.005370,-0.146320,-1.457680,ndi
1786503064.053459,4.282663,-0.005370,-0.146330,-1.457670,ndi
1786503064.070813,4.300017,-0.005370,-0.146330,-1.457680,ndi
1786503064.085819,4.315023,-0.005360,-0.146320,-1.457680,ndi
1786503064.103453,4.332657,-0.005370,-0.146310,-1.457680,ndi
1786503064.120994,4.350198,-0.005380,-0.146330,-1.457660,ndi
1786503064.135873,4.365077,-0.005370,-0.146340,-1.457680,ndi
1786503064.153381,4.382585,-0.005360,-0.146320,-1.457700,ndi
1786503064.168398,4.397602,-0.005360,-0.146320,-1.457680,ndi
1786503064.185803,4.415007,-0.005380,-0.146330,-1.457700,ndi
1786503064.203539,4.432743,-0.005370,-0.146340,-1.457680,ndi
1786503064.218592,4.447796,-0.005380,-0.146320,-1.457710,ndi
1786503064.236018,4.465222,-0.005380,-0.146310,-1.457680,ndi
1786503064.253478,4.482682,-0.005370,-0.146330,-1.457690,ndi
1786503064.270856,4.500060,-0.005370,-0.146330,-1.457730,ndi
1786503064.285811,4.515015,-0.005380,-0.146320,-1.457720,ndi
1786503064.303339,4.532543,-0.005370,-0.146320,-1.457710,ndi
1786503064.318424,4.547628,-0.005380,-0.146330,-1.457720,ndi
1786503064.335745,4.564949,-0.005370,-0.146330,-1.457720,ndi
1786503064.353455,4.582659,-0.005380,-0.146320,-1.457730,ndi
1786503064.368381,4.597585,-0.005380,-0.146320,-1.457730,ndi
1786503064.385810,4.615014,-0.005370,-0.146330,-1.457730,ndi
1786503064.403335,4.632539,-0.005380,-0.146330,-1.457730,ndi
1786503064.418411,4.647615,-0.005380,-0.146320,-1.457740,ndi
1786503064.435821,4.665025,-0.005380,-0.146320,-1.457710,ndi
1786503064.453325,4.682529,-0.005380,-0.146330,-1.457730,ndi
1786503064.468367,4.697571,-0.005380,-0.146330,-1.457730,ndi
1786503064.485808,4.715012,-0.005380,-0.146320,-1.457720,ndi
1786503064.503423,4.732627,-0.005370,-0.146320,-1.457720,ndi
1786503064.520805,4.750009,-0.005380,-0.146330,-1.457750,ndi
1786503064.535940,4.765144,-0.005370,-0.146330,-1.457730,ndi
1786503064.553480,4.782684,-0.005370,-0.146330,-1.457730,ndi
1786503064.570856,4.800060,-0.005370,-0.146320,-1.457740,ndi
1786503064.586127,4.815331,-0.005380,-0.146330,-1.457710,ndi
1786503064.603359,4.832563,-0.005370,-0.146330,-1.457750,ndi
1786503064.620826,4.850029,-0.005370,-0.146320,-1.457720,ndi
1786503064.635997,4.865201,-0.005380,-0.146320,-1.457730,ndi
1786503064.653460,4.882664,-0.005380,-0.146330,-1.457700,ndi
1786503064.668371,4.897575,-0.005380,-0.146330,-1.457700,ndi
1786503064.685822,4.915026,-0.005370,-0.146330,-1.457720,ndi
1786503064.703352,4.932556,-0.005370,-0.146310,-1.457710,ndi
1786503064.720906,4.950110,-0.005380,-0.146330,-1.457700,ndi
1786503064.735981,4.965185,-0.005370,-0.146330,-1.457730,ndi
1786503064.753489,4.982693,-0.005380,-0.146330,-1.457740,ndi
1786503064.770830,5.000034,-0.005380,-0.146320,-1.457730,ndi
1786503064.785850,5.015054,-0.005370,-0.146330,-1.457720,ndi
1786503064.803387,5.032591,-0.005380,-0.146340,-1.457730,ndi
1786503064.818526,5.047730,-0.005370,-0.146320,-1.457730,ndi
1786503064.835896,5.065099,-0.005380,-0.146310,-1.457730,ndi
1786503064.853469,5.082673,-0.005380,-0.146330,-1.457710,ndi
1786503064.870819,5.100023,-0.005380,-0.146340,-1.457710,ndi
1786503064.885821,5.115025,-0.005370,-0.146320,-1.457690,ndi
1786503064.903291,5.132495,-0.005380,-0.146310,-1.457730,ndi
1786503064.920804,5.150008,-0.005380,-0.146340,-1.457740,ndi
1786503064.935789,5.164993,-0.005360,-0.146330,-1.457710,ndi
1786503064.953434,5.182638,-0.005380,-0.146310,-1.457700,ndi
1786503064.970826,5.200030,-0.005380,-0.146320,-1.457720,ndi
1786503064.985909,5.215113,-0.005380,-0.146340,-1.457720,ndi
1786503065.003527,5.232731,-0.005370,-0.146330,-1.457730,ndi
1786503065.018677,5.247881,-0.005370,-0.146310,-1.457740,ndi
1786503065.035837,5.265041,-0.005380,-0.146320,-1.457730,ndi
1786503065.053370,5.282574,-0.005370,-0.146340,-1.457730,ndi
1786503065.068452,5.297656,-0.005380,-0.146330,-1.457710,ndi
1786503065.085834,5.315038,-0.005380,-0.146310,-1.457730,ndi
1786503065.103287,5.332491,-0.005370,-0.146330,-1.457730,ndi
1786503065.120807,5.350011,-0.005370,-0.146340,-1.457730,ndi
1786503065.135864,5.365067,-0.005370,-0.146320,-1.457720,ndi
1786503065.153320,5.382524,-0.005380,-0.146320,-1.457720,ndi
1786503065.170817,5.400021,-0.005380,-0.146330,-1.457700,ndi
1786503065.185923,5.415127,-0.005370,-0.146330,-1.457690,ndi
1786503065.203341,5.432545,-0.005390,-0.146320,-1.457720,ndi
1786503065.218457,5.447660,-0.005380,-0.146320,-1.457720,ndi
1786503065.236002,5.465206,-0.005370,-0.146340,-1.457720,ndi
1786503065.253479,5.482683,-0.005370,-0.146330,-1.457730,ndi
1786503065.270840,5.500044,-0.005380,-0.146310,-1.457720,ndi
1786503065.285822,5.515026,-0.005380,-0.146320,-1.457720,ndi
1786503065.303302,5.532506,-0.005370,-0.146340,-1.457720,ndi
1786503065.318472,5.547676,-0.005360,-0.146330,-1.457710,ndi
1786503065.335863,5.565067,-0.005380,-0.146310,-1.457730,ndi
1786503065.353366,5.582570,-0.005380,-0.146330,-1.457730,ndi
1786503065.368392,5.597595,-0.005370,-0.146340,-1.457730,ndi
1786503065.385809,5.615013,-0.005380,-0.146330,-1.457730,ndi
1786503065.403435,5.632639,-0.005380,-0.146310,-1.457720,ndi
1786503065.418571,5.647775,-0.005380,-0.146330,-1.457720,ndi
1786503065.435953,5.665157,-0.005380,-0.146340,-1.457700,ndi
1786503065.453521,5.682724,-0.005370,-0.146320,-1.457720,ndi
1786503065.470839,5.700043,-0.005380,-0.146310,-1.457710,ndi
1786503065.485776,5.714980,-0.005380,-0.146330,-1.457710,ndi
1786503065.503247,5.732451,-0.005370,-0.146340,-1.457710,ndi
1786503065.518386,5.747590,-0.005380,-0.146320,-1.457710,ndi
1786503065.536026,5.765230,-0.005380,-0.146320,-1.457710,ndi
1786503065.553508,5.782712,-0.005380,-0.146340,-1.457720,ndi
1786503065.570852,5.800056,-0.005380,-0.146330,-1.457690,ndi
1786503065.585841,5.815045,-0.005380,-0.146320,-1.457690,ndi
1786503065.603453,5.832657,-0.005380,-0.146320,-1.457710,ndi
1786503065.620898,5.850102,-0.005380,-0.146340,-1.457690,ndi
1786503065.635911,5.865115,-0.005370,-0.146330,-1.457710,ndi
1786503065.653481,5.882685,-0.005380,-0.146310,-1.457710,ndi
1786503065.668418,5.897622,-0.005370,-0.146320,-1.457720,ndi
1786503065.685796,5.914999,-0.005380,-0.146340,-1.457720,ndi
1786503065.703425,5.932629,-0.005370,-0.146330,-1.457720,ndi
1786503065.721051,5.950255,-0.005370,-0.146310,-1.457710,ndi
1786503065.736026,5.965230,-0.005380,-0.146330,-1.457720,ndi
1786503065.753518,5.982722,-0.005370,-0.146340,-1.457710,ndi
1786503065.768407,5.997611,-0.005380,-0.146320,-1.457730,ndi
1786503065.785808,6.015012,-0.005380,-0.146320,-1.457720,ndi
1786503065.803495,6.032699,-0.005370,-0.146340,-1.457710,ndi
1786503065.818635,6.047839,-0.005380,-0.146340,-1.457720,ndi
1786503065.836018,6.065222,-0.005380,-0.146310,-1.457710,ndi
1786503065.853470,6.082674,-0.005370,-0.146310,-1.457730,ndi
1786503065.868397,6.097601,-0.005370,-0.146340,-1.457720,ndi
1786503065.885736,6.114940,-0.005370,-0.146330,-1.457730,ndi
1786503065.903293,6.132497,-0.005370,-0.146320,-1.457740,ndi
1786503065.918411,6.147615,-0.005380,-0.146320,-1.457730,ndi
1786503065.935954,6.165158,-0.005380,-0.146340,-1.457710,ndi
1786503065.953478,6.182682,-0.005370,-0.146330,-1.457710,ndi
1786503065.970826,6.200030,-0.005380,-0.146310,-1.457740,ndi
1786503065.985801,6.215005,-0.005370,-0.146320,-1.457740,ndi
1786503066.003453,6.232657,-0.005380,-0.146330,-1.457720,ndi
1786503066.020974,6.250178,-0.005380,-0.146320,-1.457700,ndi
1786503066.035913,6.265116,-0.005380,-0.146310,-1.457710,ndi
1786503066.053368,6.282572,-0.005380,-0.146320,-1.457710,ndi
1786503066.070796,6.299999,-0.005370,-0.146330,-1.457720,ndi
1786503066.085710,6.314914,-0.005380,-0.146320,-1.457740,ndi
1786503066.103329,6.332533,-0.005390,-0.146320,-1.457720,ndi
1786503066.118439,6.347643,-0.005380,-0.146330,-1.457730,ndi
1786503066.136046,6.365250,-0.005380,-0.146330,-1.457720,ndi
1786503066.153532,6.382736,-0.005380,-0.146320,-1.457730,ndi
1786503066.168478,6.397682,-0.005370,-0.146320,-1.457720,ndi
1786503066.185829,6.415033,-0.005370,-0.146330,-1.457730,ndi
1786503066.203421,6.432625,-0.005380,-0.146320,-1.457740,ndi
1786503066.218474,6.447678,-0.005380,-0.146320,-1.457720,ndi
1786503066.235891,6.465095,-0.005380,-0.146330,-1.457720,ndi
1786503066.253474,6.482677,-0.005380,-0.146330,-1.457720,ndi
1786503066.268366,6.497570,-0.005380,-0.146320,-1.457730,ndi
1786503066.285726,6.514930,-0.005380,-0.146320,-1.457740,ndi
1786503066.303339,6.532543,-0.005370,-0.146330,-1.457730,ndi
1786503066.318342,6.547546,-0.005380,-0.146330,-1.457710,ndi
1786503066.335860,6.565064,-0.005380,-0.146320,-1.457730,ndi
1786503066.353354,6.582558,-0.005380,-0.146320,-1.457730,ndi
1786503066.370828,6.600032,-0.005380,-0.146330,-1.457740,ndi
1786503066.385822,6.615026,-0.005380,-0.146330,-1.457710,ndi
1786503066.403445,6.632649,-0.005380,-0.146310,-1.457730,ndi
1786503066.418524,6.647728,-0.005380,-0.146320,-1.457720,ndi
1786503066.435867,6.665071,-0.005380,-0.146340,-1.457720,ndi
1786503066.453378,6.682582,-0.005380,-0.146330,-1.457720,ndi
1786503066.468318,6.697522,-0.005370,-0.146310,-1.457730,ndi
1786503066.485755,6.714959,-0.005370,-0.146330,-1.457740,ndi
1786503066.503468,6.732672,-0.005380,-0.146330,-1.457720,ndi
1786503066.518588,6.747792,-0.005370,-0.146330,-1.457720,ndi
1786503066.535974,6.765178,-0.005380,-0.146320,-1.457730,ndi
1786503066.553479,6.782683,-0.005370,-0.146330,-1.457710,ndi
1786503066.568413,6.797617,-0.005380,-0.146340,-1.457720,ndi
1786503066.585825,6.815029,-0.005380,-0.146320,-1.457730,ndi
1786503066.603585,6.832789,-0.005370,-0.146320,-1.457740,ndi
1786503066.618726,6.847929,-0.005380,-0.146330,-1.457720,ndi
1786503066.636030,6.865234,-0.005380,-0.146330,-1.457720,ndi
1786503066.653496,6.882700,-0.005380,-0.146320,-1.457700,ndi
1786503066.670756,6.899960,-0.005370,-0.146320,-1.457720,ndi
1786503066.685802,6.915005,-0.005380,-0.146330,-1.457720,ndi
1786503066.703405,6.932609,-0.005380,-0.146330,-1.457710,ndi
1786503066.718581,6.947785,-0.005380,-0.146320,-1.457730,ndi
1786503066.735998,6.965202,-0.005380,-0.146330,-1.457700,ndi
1786503066.753510,6.982714,-0.005370,-0.146330,-1.457720,ndi
1786503066.768418,6.997622,-0.005380,-0.146330,-1.457720,ndi
1786503066.785852,7.015056,-0.005380,-0.146320,-1.457710,ndi
1786503066.803459,7.032663,-0.005370,-0.146330,-1.457730,ndi
1786503066.818468,7.047672,-0.005380,-0.146330,-1.457730,ndi
1786503066.835889,7.065093,-0.005370,-0.146330,-1.457740,ndi
1786503066.853324,7.082528,-0.005380,-0.146320,-1.457730,ndi
1786503066.868314,7.097518,-0.005380,-0.146330,-1.457760,ndi
1786503066.885800,7.115004,-0.005370,-0.146330,-1.457730,ndi
1786503066.903363,7.132567,-0.005380,-0.146320,-1.457750,ndi
1786503066.920934,7.150138,-0.005380,-0.146320,-1.457760,ndi
1786503066.935905,7.165109,-0.005380,-0.146330,-1.457750,ndi
1786503066.953351,7.182555,-0.005380,-0.146330,-1.457760,ndi
1786503066.970844,7.200048,-0.005370,-0.146320,-1.457750,ndi
1786503066.985816,7.215020,-0.005380,-0.146320,-1.457750,ndi
1786503067.003417,7.232621,-0.005380,-0.146330,-1.457750,ndi
1786503067.018441,7.247645,-0.005370,-0.146330,-1.457770,ndi
1786503067.035923,7.265126,-0.005380,-0.146320,-1.457750,ndi
1786503067.053278,7.282482,-0.005370,-0.146320,-1.457740,ndi
1786503067.068322,7.297526,-0.005370,-0.146330,-1.457760,ndi
1786503067.085814,7.315018,-0.005380,-0.146330,-1.457750,ndi
1786503067.103407,7.332611,-0.005380,-0.146320,-1.457750,ndi
1786503067.120886,7.350090,-0.005380,-0.146320,-1.457740,ndi
1786503067.136002,7.365206,-0.005370,-0.146330,-1.457760,ndi
1786503067.153467,7.382671,-0.005380,-0.146320,-1.457740,ndi
1786503067.168425,7.397629,-0.005380,-0.146320,-1.457750,ndi
1786503067.185840,7.415044,-0.005380,-0.146330,-1.457730,ndi
1786503067.203526,7.432729,-0.005380,-0.146330,-1.457740,ndi
1786503067.218476,7.447680,-0.005370,-0.146320,-1.457760,ndi
1786503067.235953,7.465157,-0.005380,-0.146320,-1.457740,ndi
1786503067.253363,7.482567,-0.005370,-0.146320,-1.457740,ndi
1786503067.268361,7.497565,-0.005370,-0.146330,-1.457750,ndi
1786503067.285834,7.515038,-0.005380,-0.146330,-1.457760,ndi
1786503067.303381,7.532585,-0.005380,-0.146320,-1.457740,ndi
1786503067.318559,7.547763,-0.005380,-0.146330,-1.457750,ndi
1786503067.335982,7.565186,-0.005370,-0.146330,-1.457740,ndi
1786503067.353472,7.582676,-0.005380,-0.146320,-1.457750,ndi
1786503067.368407,7.597611,-0.005380,-0.146320,-1.457750,ndi
1786503067.385833,7.615037,-0.005370,-0.146340,-1.457740,ndi
1786503067.403473,7.632677,-0.005370,-0.146330,-1.457740,ndi
1786503067.418564,7.647768,-0.005370,-0.146320,-1.457760,ndi
1786503067.435858,7.665062,-0.005380,-0.146320,-1.457750,ndi
1786503067.453390,7.682594,-0.005380,-0.146340,-1.457760,ndi
1786503067.470850,7.700054,-0.005370,-0.146330,-1.457760,ndi
1786503067.485867,7.715071,-0.005390,-0.146320,-1.457760,ndi
1786503067.503437,7.732641,-0.005380,-0.146330,-1.457760,ndi
1786503067.518568,7.747772,-0.005380,-0.146340,-1.457750,ndi
1786503067.535866,7.765069,-0.005380,-0.146330,-1.457740,ndi
1786503067.553520,7.782724,-0.005370,-0.146310,-1.457730,ndi
1786503067.568374,7.797578,-0.005380,-0.146330,-1.457750,ndi
1786503067.585828,7.815032,-0.005370,-0.146350,-1.457760,ndi
1786503067.603565,7.832769,-0.005380,-0.146330,-1.457750,ndi
1786503067.621011,7.850214,-0.005380,-0.146310,-1.457760,ndi
1786503067.635937,7.865141,-0.005370,-0.146330,-1.457750,ndi
1786503067.653299,7.882503,-0.005370,-0.146340,-1.457750,ndi
1786503067.670849,7.900053,-0.005380,-0.146320,-1.457760,ndi
1786503067.685844,7.915048,-0.005370,-0.146310,-1.457740,ndi
1786503067.703528,7.932732,-0.005380,-0.146330,-1.457760,ndi
1786503067.721024,7.950228,-0.005370,-0.146340,-1.457770,ndi
1786503067.735959,7.965163,-0.005370,-0.146320,-1.457750,ndi
1786503067.753397,7.982601,-0.005380,-0.146310,-1.457750,ndi
1786503067.768455,7.997659,-0.005380,-0.146330,-1.457750,ndi
1786503067.785842,8.015046,-0.005370,-0.146340,-1.457730,ndi
1786503067.803438,8.032642,-0.005370,-0.146320,-1.457740,ndi
1786503067.818476,8.047680,-0.005380,-0.146310,-1.457760,ndi
1786503067.835796,8.065000,-0.005380,-0.146330,-1.457740,ndi
1786503067.853284,8.082488,-0.005370,-0.146350,-1.457750,ndi
1786503067.868386,8.097589,-0.005380,-0.146320,-1.457760,ndi
1786503067.885892,8.115096,-0.005380,-0.146310,-1.457740,ndi
1786503067.903414,8.132618,-0.005380,-0.146330,-1.457740,ndi
1786503067.918521,8.147725,-0.005370,-0.146350,-1.457760,ndi
1786503067.936050,8.165254,-0.005380,-0.146310,-1.457730,ndi
1786503067.953520,8.182724,-0.005380,-0.146320,-1.457760,ndi
1786503067.970889,8.200093,-0.005380,-0.146340,-1.457740,ndi
1786503067.985884,8.215088,-0.005380,-0.146340,-1.457750,ndi
1786503068.003434,8.232638,-0.005380,-0.146310,-1.457730,ndi
1786503068.018587,8.247791,-0.005380,-0.146310,-1.457740,ndi
1786503068.035882,8.265086,-0.005380,-0.146340,-1.457740,ndi
1786503068.053478,8.282682,-0.005380,-0.146340,-1.457750,ndi
1786503068.068382,8.297586,-0.005380,-0.146320,-1.457730,ndi
1786503068.085873,8.315077,-0.005380,-0.146310,-1.457740,ndi
1786503068.103354,8.332557,-0.005380,-0.146330,-1.457730,ndi
1786503068.118372,8.347576,-0.005370,-0.146330,-1.457740,ndi
1786503068.135895,8.365099,-0.005380,-0.146320,-1.457760,ndi
1786503068.153517,8.382720,-0.005380,-0.146320,-1.457730,ndi
1786503068.168383,8.397587,-0.005370,-0.146330,-1.457730,ndi
1786503068.185843,8.415047,-0.005380,-0.146330,-1.457740,ndi
1786503068.203453,8.432657,-0.005380,-0.146320,-1.457740,ndi
1786503068.220990,8.450194,-0.005380,-0.146330,-1.457740,ndi
1786503068.235779,8.464983,-0.005380,-0.146340,-1.457740,ndi
1786503068.253531,8.482735,-0.005380,-0.146320,-1.457730,ndi
1786503068.270853,8.500057,-0.005380,-0.146320,-1.457740,ndi
1786503068.285825,8.515029,-0.005370,-0.146330,-1.457720,ndi
1786503068.303495,8.532699,-0.005370,-0.146330,-1.457730,ndi
1786503068.318561,8.547765,-0.005380,-0.146320,-1.457770,ndi
1786503068.336050,8.565254,-0.005370,-0.146320,-1.457750,ndi
1786503068.353492,8.582695,-0.005380,-0.146330,-1.457740,ndi
1786503068.370892,8.600096,-0.005370,-0.146320,-1.457750,ndi
1786503068.385890,8.615093,-0.005380,-0.146320,-1.457740,ndi
1786503068.403424,8.632628,-0.005380,-0.146320,-1.457720,ndi
1786503068.418559,8.647763,-0.005370,-0.146330,-1.457730,ndi
1786503068.435905,8.665109,-0.005370,-0.146330,-1.457720,ndi
1786503068.453424,8.682628,-0.005370,-0.146320,-1.457760,ndi
1786503068.468395,8.697599,-0.005380,-0.146320,-1.457730,ndi
1786503068.485888,8.715092,-0.005380,-0.146330,-1.457750,ndi
1786503068.503444,8.732648,-0.005380,-0.146330,-1.457740,ndi
1786503068.518490,8.747694,-0.005380,-0.146320,-1.457740,ndi
1786503068.535920,8.765124,-0.005380,-0.146330,-1.457740,ndi
1786503068.553521,8.782725,-0.005370,-0.146330,-1.457740,ndi
1786503068.568381,8.797585,-0.005380,-0.146320,-1.457720,ndi
1786503068.585877,8.815081,-0.005390,-0.146320,-1.457740,ndi
1786503068.603531,8.832735,-0.005380,-0.146320,-1.457730,ndi
1786503068.618450,8.847654,-0.005370,-0.146330,-1.457740,ndi
1786503068.635967,8.865171,-0.005380,-0.146320,-1.457720,ndi
1786503068.653529,8.882733,-0.005380,-0.146320,-1.457730,ndi
1786503068.668386,8.897590,-0.005370,-0.146330,-1.457750,ndi
1786503068.685891,8.915095,-0.005380,-0.146330,-1.457720,ndi
1786503068.703470,8.932674,-0.005380,-0.146320,-1.457720,ndi
1786503068.718591,8.947795,-0.005380,-0.146330,-1.457720,ndi
1786503068.736107,8.965311,-0.005380,-0.146320,-1.457740,ndi
1786503068.753495,8.982698,-0.005380,-0.146320,-1.457720,ndi
1786503068.770895,9.000099,-0.005380,-0.146330,-1.457710,ndi
1786503068.785904,9.015108,-0.005370,-0.146330,-1.457710,ndi
1786503068.803373,9.032577,-0.005380,-0.146320,-1.457710,ndi
1786503068.818446,9.047650,-0.005370,-0.146320,-1.457720,ndi
1786503068.835933,9.065137,-0.005380,-0.146330,-1.457720,ndi
1786503068.853572,9.082776,-0.005370,-0.146330,-1.457710,ndi
1786503068.870873,9.100077,-0.005370,-0.146320,-1.457730,ndi
1786503068.885856,9.115060,-0.005380,-0.146330,-1.457740,ndi
1786503068.903506,9.132710,-0.005370,-0.146330,-1.457710,ndi
1786503068.921117,9.150321,-0.005380,-0.146330,-1.457730,ndi
1786503068.936117,9.165321,-0.005380,-0.146320,-1.457740,ndi
1786503068.953532,9.182735,-0.005380,-0.146330,-1.457740,ndi
1786503068.968554,9.197758,-0.005370,-0.146330,-1.457730,ndi
1786503068.985878,9.215082,-0.005380,-0.146330,-1.457730,ndi
1786503069.003441,9.232645,-0.005380,-0.146320,-1.457720,ndi
1786503069.020994,9.250198,-0.005360,-0.146330,-1.457740,ndi
1786503069.035951,9.265155,-0.005380,-0.146340,-1.457740,ndi
1786503069.053477,9.282681,-0.005380,-0.146320,-1.457720,ndi
1786503069.068453,9.297657,-0.005370,-0.146320,-1.457740,ndi
1786503069.085925,9.315129,-0.005380,-0.146330,-1.457750,ndi
1786503069.103412,9.332616,-0.005380,-0.146330,-1.457750,ndi
1786503069.118442,9.347646,-0.005380,-0.146320,-1.457720,ndi
1786503069.135954,9.365158,-0.005380,-0.146320,-1.457730,ndi
1786503069.153402,9.382606,-0.005380,-0.146330,-1.457740,ndi
1786503069.168407,9.397611,-0.005380,-0.146330,-1.457730,ndi
1786503069.185878,9.415082,-0.005380,-0.146320,-1.457730,ndi
1786503069.203357,9.432560,-0.005370,-0.146320,-1.457740,ndi
1786503069.218560,9.447764,-0.005370,-0.146330,-1.457750,ndi
1786503069.236102,9.465306,-0.005370,-0.146330,-1.457740,ndi
1786503069.253453,9.482657,-0.005380,-0.146320,-1.457750,ndi
1786503069.268481,9.497685,-0.005370,-0.146320,-1.457750,ndi
1786503069.285884,9.515088,-0.005370,-0.146330,-1.457740,ndi
1786503069.303529,9.532733,-0.005370,-0.146330,-1.457740,ndi
1786503069.321016,9.550220,-0.005380,-0.146320,-1.457750,ndi
1786503069.335899,9.565103,-0.005380,-0.146330,-1.457740,ndi
1786503069.353515,9.582719,-0.005380,-0.146330,-1.457740,ndi
1786503069.368431,9.597635,-0.005370,-0.146320,-1.457730,ndi
1786503069.385850,9.615054,-0.005370,-0.146320,-1.457730,ndi
1786503069.403396,9.632600,-0.005380,-0.146330,-1.457750,ndi
1786503069.418679,9.647883,-0.005380,-0.146330,-1.457730,ndi
1786503069.436090,9.665294,-0.005370,-0.146320,-1.457740,ndi
1786503069.453550,9.682754,-0.005380,-0.146320,-1.457740,ndi
1786503069.470886,9.700090,-0.005370,-0.146330,-1.457750,ndi
1786503069.485906,9.715110,-0.005380,-0.146330,-1.457750,ndi
1786503069.503463,9.732666,-0.005370,-0.146320,-1.457750,ndi
1786503069.518639,9.747843,-0.005380,-0.146320,-1.457740,ndi
1786503069.536038,9.765242,-0.005380,-0.146330,-1.457740,ndi
1786503069.553434,9.782638,-0.005370,-0.146320,-1.457740,ndi
1786503069.568568,9.797772,-0.005380,-0.146310,-1.457740,ndi
1786503069.585855,9.815058,-0.005370,-0.146320,-1.457740,ndi
1786503069.603502,9.832706,-0.005360,-0.146340,-1.457750,ndi
1786503069.618670,9.847874,-0.005380,-0.146320,-1.457740,ndi
1786503069.636119,9.865323,-0.005380,-0.146310,-1.457740,ndi
1786503069.653540,9.882744,-0.005380,-0.146320,-1.457750,ndi
1786503069.668382,9.897586,-0.005370,-0.146340,-1.457760,ndi
1786503069.685865,9.915069,-0.005380,-0.146320,-1.457730,ndi
1786503069.703548,9.932752,-0.005370,-0.146310,-1.457750,ndi
1786503069.718601,9.947804,-0.005380,-0.146320,-1.457740,ndi
1786503069.736059,9.965263,-0.005380,-0.146330,-1.457730,ndi
1786503069.753534,9.982738,-0.005370,-0.146320,-1.457730,ndi
1786503069.768450,9.997654,-0.005380,-0.146310,-1.457740,ndi
1786503069.785821,10.015025,-0.005370,-0.146330,-1.457750,ndi
1786503069.803360,10.032564,-0.005360,-0.146330,-1.457730,ndi
1786503069.818589,10.047793,-0.005370,-0.146320,-1.457710,ndi
1786503069.835943,10.065147,-0.005380,-0.146320,-1.457750,ndi
1786503069.853399,10.082603,-0.005380,-0.146330,-1.457730,ndi
1786503069.870890,10.100094,-0.005370,-0.146320,-1.457740,ndi
1786503069.885895,10.115099,-0.005380,-0.146300,-1.457780,ndi
1786503069.903449,10.132653,-0.005400,-0.146300,-1.457840,ndi
1786503069.918400,10.147604,-0.005400,-0.146310,-1.457820,ndi
1786503069.936084,10.165288,-0.005430,-0.146290,-1.457850,ndi
1786503069.953554,10.182758,-0.005450,-0.146270,-1.457890,ndi
1786503069.968442,10.197646,-0.005460,-0.146280,-1.457900,ndi
1786503069.985794,10.214998,-0.005460,-0.146280,-1.457900,ndi
1786503070.003381,10.232584,-0.005460,-0.146270,-1.457890,ndi
1786503070.018438,10.247642,-0.005470,-0.146270,-1.457920,ndi
1786503070.035951,10.265155,-0.005470,-0.146280,-1.457890,ndi
1786503070.053488,10.282692,-0.005470,-0.146290,-1.457890,ndi
1786503070.068470,10.297674,-0.005470,-0.146280,-1.457880,ndi
1786503070.085925,10.315129,-0.005470,-0.146280,-1.457870,ndi
1786503070.103414,10.332618,-0.005470,-0.146290,-1.457850,ndi
1786503070.118384,10.347588,-0.005470,-0.146290,-1.457820,ndi
1786503070.135926,10.365130,-0.005460,-0.146300,-1.457810,ndi
1786503070.153498,10.382702,-0.005460,-0.146310,-1.457780,ndi
1786503070.168393,10.397597,-0.005470,-0.146320,-1.457750,ndi
1786503070.185779,10.414983,-0.005460,-0.146320,-1.457730,ndi
1786503070.203394,10.432598,-0.005460,-0.146320,-1.457720,ndi
1786503070.218401,10.447605,-0.005460,-0.146330,-1.457660,ndi
1786503070.235918,10.465122,-0.005450,-0.146350,-1.457660,ndi
1786503070.253519,10.482723,-0.005460,-0.146340,-1.457620,ndi
1786503070.268410,10.497614,-0.005460,-0.146340,-1.457580,ndi
1786503070.285915,10.515119,-0.005450,-0.146350,-1.457570,ndi
1786503070.303418,10.532622,-0.005450,-0.146360,-1.457550,ndi
1786503070.318462,10.547666,-0.005450,-0.146360,-1.457520,ndi
1786503070.336009,10.565212,-0.005460,-0.146320,-1.457470,ndi
1786503070.353456,10.582660,-0.005460,-0.146310,-1.457440,ndi
1786503070.370827,10.600031,-0.005450,-0.146310,-1.457410,ndi
1786503070.385814,10.615018,-0.005440,-0.146290,-1.457380,ndi
1786503070.403456,10.632660,-0.005460,-0.146260,-1.457360,ndi
1786503070.421008,10.650212,-0.005470,-0.146250,-1.457310,ndi
1786503070.435967,10.665171,-0.005470,-0.146250,-1.457270,ndi
1786503070.453543,10.682747,-0.005460,-0.146220,-1.457270,ndi
1786503070.468415,10.697618,-0.005470,-0.146180,-1.457220,ndi
1786503070.485913,10.715117,-0.005480,-0.146140,-1.457190,ndi
1786503070.503567,10.732771,-0.005480,-0.146110,-1.457100,ndi
1786503070.521059,10.750263,-0.005490,-0.146080,-1.457080,ndi
1786503070.536026,10.765229,-0.005490,-0.146030,-1.457060,ndi
1786503070.553471,10.782675,-0.005490,-0.145980,-1.457040,ndi
1786503070.570780,10.799984,-0.005510,-0.145940,-1.457020,ndi
1786503070.585843,10.815047,-0.005510,-0.145890,-1.456990,ndi
1786503070.603505,10.832709,-0.005520,-0.145820,-1.456950,ndi
1786503070.620995,10.850199,-0.005530,-0.145780,-1.456940,ndi
1786503070.635993,10.865197,-0.005530,-0.145750,-1.456940,ndi
1786503070.653523,10.882727,-0.005550,-0.145700,-1.456930,ndi
1786503070.668446,10.897650,-0.005570,-0.145650,-1.456900,ndi
1786503070.685910,10.915114,-0.005570,-0.145620,-1.456870,ndi
1786503070.703443,10.932647,-0.005580,-0.145590,-1.456840,ndi
1786503070.718456,10.947660,-0.005590,-0.145540,-1.456840,ndi
1786503070.735973,10.965177,-0.005590,-0.145500,-1.456850,ndi
1786503070.753515,10.982719,-0.005610,-0.145470,-1.456830,ndi
1786503070.768373,10.997577,-0.005610,-0.145440,-1.456800,ndi
1786503070.785876,11.015080,-0.005620,-0.145390,-1.456770,ndi
1786503070.803428,11.032632,-0.005630,-0.145350,-1.456770,ndi
1786503070.818618,11.047822,-0.005650,-0.145310,-1.456690,ndi
1786503070.836065,11.065269,-0.005650,-0.145270,-1.456660,ndi
1786503070.853420,11.082624,-0.005660,-0.145230,-1.456620,ndi
1786503070.868454,11.097658,-0.005650,-0.145190,-1.456600,ndi
1786503070.885924,11.115128,-0.005680,-0.145150,-1.456580,ndi
1786503070.903608,11.132812,-0.005680,-0.145100,-1.456520,ndi
1786503070.918648,11.147851,-0.005680,-0.145060,-1.456530,ndi
1786503070.936162,11.165366,-0.005690,-0.145030,-1.456500,ndi
1786503070.953469,11.182673,-0.005680,-0.144990,-1.456500,ndi
1786503070.968408,11.197612,-0.005700,-0.144940,-1.456470,ndi
1786503070.985945,11.215149,-0.005710,-0.144910,-1.456460,ndi
1786503071.003645,11.232849,-0.005720,-0.144870,-1.456420,ndi
1786503071.018646,11.247850,-0.005720,-0.144830,-1.456410,ndi
1786503071.036059,11.265263,-0.005730,-0.144780,-1.456370,ndi
1786503071.053431,11.282635,-0.005750,-0.144750,-1.456360,ndi
1786503071.068441,11.297645,-0.005740,-0.144720,-1.456340,ndi
1786503071.085954,11.315158,-0.005740,-0.144660,-1.456310,ndi
1786503071.103561,11.332765,-0.005760,-0.144610,-1.456310,ndi
1786503071.118572,11.347775,-0.005770,-0.144580,-1.456280,ndi
1786503071.136025,11.365229,-0.005780,-0.144540,-1.456230,ndi
1786503071.153492,11.382696,-0.005770,-0.144490,-1.456220,ndi
1786503071.168423,11.397627,-0.005770,-0.144460,-1.456210,ndi
1786503071.185943,11.415147,-0.005800,-0.144420,-1.456160,ndi
1786503071.203609,11.432813,-0.005800,-0.144380,-1.456120,ndi
1786503071.221070,11.450274,-0.005820,-0.144330,-1.456090,ndi
1786503071.236116,11.465320,-0.005820,-0.144310,-1.456070,ndi
1786503071.253575,11.482779,-0.005810,-0.144270,-1.456050,ndi
1786503071.268436,11.497640,-0.005830,-0.144230,-1.456010,ndi
1786503071.285937,11.515141,-0.005850,-0.144170,-1.455980,ndi
1786503071.303548,11.532752,-0.005850,-0.144150,-1.455950,ndi
1786503071.318482,11.547686,-0.005850,-0.144130,-1.455950,ndi
1786503071.336123,11.565327,-0.005860,-0.144080,-1.455930,ndi
1786503071.353517,11.582721,-0.005870,-0.144030,-1.455910,ndi
1786503071.370903,11.600106,-0.005890,-0.144010,-1.455870,ndi
1786503071.385935,11.615139,-0.005880,-0.143990,-1.455850,ndi
1786503071.403537,11.632741,-0.005890,-0.143930,-1.455820,ndi
1786503071.421206,11.650410,-0.005910,-0.143900,-1.455830,ndi
1786503071.435985,11.665189,-0.005910,-0.143880,-1.455790,ndi
1786503071.453435,11.682639,-0.005920,-0.143850,-1.455780,ndi
1786503071.468424,11.697628,-0.005930,-0.143800,-1.455760,ndi
1786503071.485904,11.715107,-0.005930,-0.143750,-1.455720,ndi
1786503071.503516,11.732720,-0.005950,-0.143730,-1.455710,ndi
1786503071.518665,11.747869,-0.005950,-0.143700,-1.455700,ndi
1786503071.536040,11.765244,-0.005950,-0.143630,-1.455660,ndi
1786503071.553362,11.782566,-0.005950,-0.143590,-1.455650,ndi
1786503071.568473,11.797677,-0.005960,-0.143580,-1.455610,ndi
1786503071.585930,11.815134,-0.005990,-0.143550,-1.455590,ndi
1786503071.603564,11.832768,-0.005990,-0.143470,-1.455550,ndi
1786503071.618777,11.847981,-0.006000,-0.143440,-1.455550,ndi
1786503071.636105,11.865309,-0.006010,-0.143430,-1.455530,ndi
1786503071.653498,11.882702,-0.006020,-0.143380,-1.455510,ndi
1786503071.668443,11.897647,-0.006040,-0.143320,-1.455490,ndi
1786503071.685945,11.915149,-0.006050,-0.143280,-1.455460,ndi
1786503071.703682,11.932886,-0.006040,-0.143270,-1.455430,ndi
1786503071.718790,11.947994,-0.006060,-0.143230,-1.455420,ndi
1786503071.736481,11.965685,-0.006060,-0.143160,-1.455380,ndi
1786503071.753523,11.982727,-0.006060,-0.143140,-1.455350,ndi
1786503071.768482,11.997686,-0.006090,-0.143120,-1.455310,ndi
1786503071.785941,12.015145,-0.006090,-0.143070,-1.455300,ndi
1786503071.803488,12.032692,-0.006100,-0.143010,-1.455270,ndi
1786503071.818489,12.047693,-0.006110,-0.142980,-1.455250,ndi
1786503071.835964,12.065168,-0.006130,-0.142960,-1.455230,ndi
1786503071.853551,12.082755,-0.006130,-0.142900,-1.455170,ndi
1786503071.868473,12.097677,-0.006140,-0.142860,-1.455150,ndi
1786503071.885977,12.115180,-0.006150,-0.142840,-1.455150,ndi
1786503071.903649,12.132853,-0.006160,-0.142810,-1.455100,ndi
1786503071.918776,12.147979,-0.006170,-0.142770,-1.455100,ndi
1786503071.936056,12.165260,-0.006170,-0.142720,-1.455100,ndi
1786503071.953581,12.182785,-0.006190,-0.142690,-1.455070,ndi
1786503071.968461,12.197664,-0.006200,-0.142670,-1.455090,ndi
1786503071.985964,12.215168,-0.006210,-0.142610,-1.455040,ndi
1786503072.003536,12.232740,-0.006220,-0.142570,-1.455010,ndi
1786503072.018762,12.247966,-0.006220,-0.142540,-1.455000,ndi
1786503072.035957,12.265161,-0.006230,-0.142490,-1.454970,ndi
1786503072.053516,12.282720,-0.006240,-0.142440,-1.454940,ndi
1786503072.068529,12.297733,-0.006240,-0.142410,-1.454910,ndi
1786503072.086030,12.315234,-0.006260,-0.142370,-1.454860,ndi
1786503072.103503,12.332707,-0.006270,-0.142310,-1.454810,ndi
1786503072.118422,12.347625,-0.006280,-0.142270,-1.454810,ndi
1786503072.135892,12.365096,-0.006300,-0.142240,-1.454750,ndi
1786503072.153664,12.382868,-0.006290,-0.142190,-1.454710,ndi
1786503072.168499,12.397703,-0.006310,-0.142140,-1.454690,ndi
1786503072.185940,12.415144,-0.006330,-0.142110,-1.454670,ndi
1786503072.203485,12.432689,-0.006330,-0.142090,-1.454670,ndi
1786503072.218506,12.447710,-0.006340,-0.142050,-1.454640,ndi
1786503072.236059,12.465263,-0.006360,-0.141990,-1.454620,ndi
1786503072.253795,12.482999,-0.006370,-0.141960,-1.454590,ndi
1786503072.268478,12.497682,-0.006380,-0.141940,-1.454560,ndi
1786503072.285969,12.515173,-0.006390,-0.141890,-1.454560,ndi
1786503072.303676,12.532880,-0.006400,-0.141850,-1.454560,ndi
1786503072.318517,12.547721,-0.006410,-0.141840,-1.454530,ndi
1786503072.336041,12.565245,-0.006400,-0.141820,-1.454510,ndi
1786503072.353750,12.582954,-0.006430,-0.141760,-1.454490,ndi
1786503072.368562,12.597766,-0.006450,-0.141730,-1.454450,ndi
1786503072.385949,12.615153,-0.006450,-0.141710,-1.454470,ndi
1786503072.403610,12.632814,-0.006460,-0.141660,-1.454400,ndi
1786503072.418487,12.647691,-0.006490,-0.141610,-1.454380,ndi
1786503072.436110,12.665314,-0.006490,-0.141570,-1.454340,ndi
1786503072.453805,12.683009,-0.006500,-0.141550,-1.454310,ndi
1786503072.468492,12.697696,-0.006500,-0.141500,-1.454310,ndi
1786503072.485957,12.715161,-0.006520,-0.141440,-1.454260,ndi
1786503072.503713,12.732917,-0.006540,-0.141410,-1.454250,ndi
1786503072.518522,12.747726,-0.006540,-0.141410,-1.454230,ndi
1786503072.536011,12.765215,-0.006560,-0.141350,-1.454190,ndi
1786503072.553542,12.782746,-0.006570,-0.141290,-1.454190,ndi
1786503072.568443,12.797647,-0.006580,-0.141280,-1.454140,ndi
1786503072.585947,12.815151,-0.006590,-0.141260,-1.454120,ndi
1786503072.603885,12.833089,-0.006600,-0.141190,-1.454130,ndi
1786503072.618765,12.847969,-0.006620,-0.141140,-1.454090,ndi
1786503072.636172,12.865376,-0.006630,-0.141120,-1.454050,ndi
1786503072.653594,12.882798,-0.006640,-0.141100,-1.454060,ndi
1786503072.668502,12.897706,-0.006650,-0.141040,-1.454020,ndi
1786503072.685959,12.915163,-0.006660,-0.140990,-1.453980,ndi
1786503072.703439,12.932643,-0.006670,-0.140980,-1.453970,ndi
1786503072.718686,12.947890,-0.006690,-0.140960,-1.453930,ndi
1786503072.736092,12.965296,-0.006700,-0.140890,-1.453930,ndi
1786503072.753580,12.982784,-0.006720,-0.140840,-1.453920,ndi
1786503072.768466,12.997669,-0.006730,-0.140840,-1.453870,ndi
1786503072.785936,13.015140,-0.006730,-0.140810,-1.453850,ndi
1786503072.803632,13.032835,-0.006750,-0.140720,-1.453820,ndi
1786503072.818588,13.047792,-0.006760,-0.140690,-1.453810,ndi
1786503072.836156,13.065360,-0.006780,-0.140690,-1.453780,ndi
1786503072.853566,13.082770,-0.006780,-0.140650,-1.453750,ndi
1786503072.868477,13.097681,-0.006800,-0.140590,-1.453730,ndi
1786503072.885979,13.115183,-0.006820,-0.140550,-1.453700,ndi
1786503072.903455,13.132659,-0.006820,-0.140550,-1.453690,ndi
1786503072.918539,13.147743,-0.006830,-0.140510,-1.453640,ndi
1786503072.936105,13.165309,-0.006850,-0.140430,-1.453620,ndi
1786503072.953624,13.182828,-0.006860,-0.140390,-1.453610,ndi
1786503072.968457,13.197661,-0.006880,-0.140380,-1.453570,ndi
1786503072.985981,13.215185,-0.006890,-0.140340,-1.453560,ndi
1786503073.003479,13.232683,-0.006900,-0.140270,-1.453510,ndi
1786503073.018521,13.247725,-0.006910,-0.140240,-1.453490,ndi
1786503073.035985,13.265189,-0.006920,-0.140220,-1.453460,ndi
1786503073.053531,13.282735,-0.006950,-0.140180,-1.453440,ndi
1786503073.068492,13.297696,-0.006960,-0.140130,-1.453410,ndi
1786503073.085985,13.315189,-0.006950,-0.140100,-1.453400,ndi
1786503073.103385,13.332589,-0.006970,-0.140080,-1.453350,ndi
1786503073.118422,13.347626,-0.006970,-0.140040,-1.453310,ndi
1786503073.136133,13.365337,-0.006990,-0.139990,-1.453310,ndi
1786503073.153666,13.382870,-0.007010,-0.139960,-1.453270,ndi
1786503073.168537,13.397741,-0.007020,-0.139930,-1.453230,ndi
1786503073.185988,13.415192,-0.007030,-0.139880,-1.453200,ndi
1786503073.203558,13.432762,-0.007060,-0.139840,-1.453180,ndi
1786503073.218680,13.447884,-0.007060,-0.139820,-1.453170,ndi
1786503073.236158,13.465362,-0.007080,-0.139780,-1.453150,ndi
1786503073.253623,13.482826,-0.007090,-0.139750,-1.453170,ndi
1786503073.268497,13.497701,-0.007100,-0.139730,-1.453130,ndi
1786503073.285939,13.515143,-0.007110,-0.139700,-1.453120,ndi
1786503073.303393,13.532597,-0.007130,-0.139660,-1.453120,ndi
1786503073.321243,13.550447,-0.007140,-0.139620,-1.453090,ndi
1786503073.335996,13.565200,-0.007140,-0.139590,-1.453080,ndi
1786503073.353679,13.582883,-0.007170,-0.139550,-1.453060,ndi
1786503073.368461,13.597665,-0.007180,-0.139500,-1.452990,ndi
1786503073.386011,13.615215,-0.007190,-0.139470,-1.452970,ndi
1786503073.403495,13.632699,-0.007210,-0.139440,-1.452920,ndi
1786503073.418515,13.647719,-0.007220,-0.139400,-1.452910,ndi
1786503073.436025,13.665229,-0.007240,-0.139350,-1.452850,ndi
1786503073.453477,13.682681,-0.007250,-0.139340,-1.452860,ndi
1786503073.468461,13.697664,-0.007260,-0.139310,-1.452850,ndi
1786503073.485912,13.715116,-0.007290,-0.139250,-1.452800,ndi
1786503073.503371,13.732575,-0.007290,-0.139210,-1.452770,ndi
1786503073.518508,13.747712,-0.007320,-0.139190,-1.452750,ndi
1786503073.536020,13.765224,-0.007320,-0.139140,-1.452720,ndi
1786503073.553627,13.782831,-0.007340,-0.139090,-1.452700,ndi
1786503073.568477,13.797681,-0.007370,-0.139070,-1.452690,ndi
1786503073.585961,13.815165,-0.007370,-0.139050,-1.452670,ndi
1786503073.603640,13.832844,-0.007390,-0.139000,-1.452660,ndi
1786503073.618758,13.847962,-0.007410,-0.138950,-1.452620,ndi
1786503073.636158,13.865362,-0.007420,-0.138940,-1.452610,ndi
1786503073.653619,13.882823,-0.007440,-0.138910,-1.452570,ndi
1786503073.668469,13.897673,-0.007450,-0.138860,-1.452570,ndi
1786503073.685861,13.915065,-0.007460,-0.138810,-1.452530,ndi
1786503073.703490,13.932693,-0.007470,-0.138800,-1.452510,ndi
1786503073.718621,13.947825,-0.007500,-0.138770,-1.452530,ndi
1786503073.736145,13.965349,-0.007530,-0.138700,-1.452500,ndi
1786503073.753695,13.982898,-0.007540,-0.138660,-1.452450,ndi
1786503073.768468,13.997672,-0.007550,-0.138650,-1.452450,ndi
1786503073.785995,14.015199,-0.007560,-0.138610,-1.452390,ndi
1786503073.803677,14.032881,-0.007570,-0.138550,-1.452370,ndi
1786503073.821192,14.050396,-0.007600,-0.138510,-1.452320,ndi
1786503073.836173,14.065377,-0.007620,-0.138490,-1.452300,ndi
1786503073.853493,14.082697,-0.007630,-0.138450,-1.452260,ndi
1786503073.868472,14.097676,-0.007640,-0.138400,-1.452240,ndi
1786503073.885890,14.115094,-0.007660,-0.138360,-1.452210,ndi
1786503073.903473,14.132677,-0.007680,-0.138340,-1.452190,ndi
1786503073.918540,14.147743,-0.007690,-0.138310,-1.452140,ndi
1786503073.936008,14.165212,-0.007700,-0.138260,-1.452120,ndi
1786503073.953701,14.182904,-0.007720,-0.138220,-1.452100,ndi
1786503073.968482,14.197686,-0.007740,-0.138200,-1.452090,ndi
1786503073.985980,14.215183,-0.007750,-0.138170,-1.452070,ndi
1786503074.003537,14.232741,-0.007760,-0.138120,-1.452040,ndi
1786503074.018596,14.247800,-0.007770,-0.138090,-1.452030,ndi
1786503074.036121,14.265325,-0.007790,-0.138070,-1.452000,ndi
1786503074.053528,14.282732,-0.007810,-0.138030,-1.451960,ndi
1786503074.068441,14.297645,-0.007830,-0.137990,-1.451940,ndi
1786503074.085865,14.315069,-0.007840,-0.137950,-1.451950,ndi
1786503074.103494,14.332698,-0.007860,-0.137920,-1.451920,ndi
1786503074.118497,14.347701,-0.007870,-0.137880,-1.451870,ndi
1786503074.136006,14.365210,-0.007890,-0.137820,-1.451830,ndi
1786503074.153759,14.382963,-0.007900,-0.137790,-1.451810,ndi
1786503074.168485,14.397689,-0.007920,-0.137780,-1.451800,ndi
1786503074.185977,14.415181,-0.007930,-0.137750,-1.451780,ndi
1786503074.203475,14.432679,-0.007940,-0.137700,-1.451770,ndi
1786503074.218657,14.447861,-0.007970,-0.137660,-1.451750,ndi
1786503074.236098,14.465302,-0.007990,-0.137640,-1.451720,ndi
1786503074.253595,14.482799,-0.007990,-0.137610,-1.451700,ndi
1786503074.270885,14.500088,-0.008020,-0.137560,-1.451690,ndi
1786503074.285881,14.515085,-0.008020,-0.137530,-1.451630,ndi
1786503074.303636,14.532840,-0.008060,-0.137510,-1.451640,ndi
1786503074.318675,14.547879,-0.008070,-0.137480,-1.451610,ndi
1786503074.336053,14.565257,-0.008090,-0.137440,-1.451610,ndi
1786503074.353618,14.582822,-0.008110,-0.137410,-1.451570,ndi
1786503074.368469,14.597673,-0.008110,-0.137390,-1.451530,ndi
1786503074.385972,14.615176,-0.008140,-0.137350,-1.451510,ndi
1786503074.403639,14.632843,-0.008160,-0.137300,-1.451520,ndi
1786503074.418598,14.647802,-0.008170,-0.137280,-1.451490,ndi
1786503074.436081,14.665285,-0.008190,-0.137260,-1.451490,ndi
1786503074.453617,14.682821,-0.008210,-0.137210,-1.451440,ndi
1786503074.470877,14.700081,-0.008220,-0.137160,-1.451400,ndi
1786503074.485892,14.715096,-0.008240,-0.137140,-1.451400,ndi
1786503074.503630,14.732834,-0.008260,-0.137100,-1.451350,ndi
1786503074.521101,14.750305,-0.008280,-0.137050,-1.451330,ndi
1786503074.536141,14.765345,-0.008290,-0.137020,-1.451300,ndi
1786503074.553510,14.782714,-0.008310,-0.136990,-1.451290,ndi
1786503074.568456,14.797660,-0.008320,-0.136970,-1.451260,ndi
1786503074.586015,14.815219,-0.008330,-0.136920,-1.451220,ndi
1786503074.603561,14.832765,-0.008360,-0.136880,-1.451210,ndi
1786503074.618623,14.847827,-0.008380,-0.136850,-1.451180,ndi
1786503074.636062,14.865266,-0.008390,-0.136820,-1.451170,ndi
1786503074.653528,14.882732,-0.008410,-0.136770,-1.451150,ndi
1786503074.668380,14.897584,-0.008440,-0.136740,-1.451130,ndi
1786503074.685941,14.915145,-0.008450,-0.136710,-1.451090,ndi
1786503074.703628,14.932832,-0.008460,-0.136670,-1.451080,ndi
1786503074.718601,14.947805,-0.008470,-0.136640,-1.451090,ndi
1786503074.736189,14.965393,-0.008500,-0.136610,-1.451050,ndi
1786503074.753632,14.982836,-0.008520,-0.136580,-1.451040,ndi
1786503074.768480,14.997684,-0.008530,-0.136550,-1.451000,ndi
1786503074.785985,15.015189,-0.008550,-0.136500,-1.450990,ndi
1786503074.803650,15.032854,-0.008570,-0.136470,-1.450950,ndi
1786503074.818678,15.047882,-0.008590,-0.136450,-1.450900,ndi
1786503074.836109,15.065313,-0.008610,-0.136400,-1.450870,ndi
1786503074.853424,15.082628,-0.008620,-0.136350,-1.450820,ndi
1786503074.868427,15.097631,-0.008640,-0.136320,-1.450790,ndi
1786503074.885988,15.115192,-0.008660,-0.136290,-1.450760,ndi
1786503074.903551,15.132755,-0.008680,-0.136260,-1.450750,ndi
1786503074.921119,15.150323,-0.008700,-0.136220,-1.450740,ndi
1786503074.936095,15.165298,-0.008710,-0.136190,-1.450700,ndi
1786503074.953596,15.182800,-0.008730,-0.136160,-1.450650,ndi
1786503074.968480,15.197684,-0.008740,-0.136130,-1.450670,ndi
1786503074.985972,15.215176,-0.008770,-0.136100,-1.450630,ndi
1786503075.003570,15.232774,-0.008790,-0.136060,-1.450590,ndi
1786503075.018549,15.247753,-0.008790,-0.136040,-1.450580,ndi
1786503075.036081,15.265285,-0.008820,-0.136000,-1.450580,ndi
1786503075.053498,15.282702,-0.008820,-0.135970,-1.450530,ndi
1786503075.068411,15.297615,-0.008830,-0.135950,-1.450540,ndi
1786503075.085971,15.315175,-0.008870,-0.135910,-1.450510,ndi
1786503075.103539,15.332743,-0.008880,-0.135880,-1.450490,ndi
1786503075.118717,15.347921,-0.008900,-0.135850,-1.450470,ndi
1786503075.136110,15.365314,-0.008920,-0.135830,-1.450440,ndi
1786503075.153632,15.382836,-0.008940,-0.135780,-1.450400,ndi
1786503075.168478,15.397682,-0.008950,-0.135750,-1.450400,ndi
1786503075.186012,15.415215,-0.008970,-0.135730,-1.450380,ndi
1786503075.203549,15.432753,-0.009000,-0.135690,-1.450360,ndi
1786503075.221095,15.450299,-0.009020,-0.135640,-1.450320,ndi
1786503075.236058,15.465262,-0.009040,-0.135600,-1.450270,ndi
1786503075.253498,15.482702,-0.009050,-0.135580,-1.450260,ndi
1786503075.268488,15.497692,-0.009080,-0.135550,-1.450240,ndi
1786503075.285989,15.515193,-0.009100,-0.135510,-1.450210,ndi
1786503075.303723,15.532927,-0.009110,-0.135470,-1.450180,ndi
1786503075.318799,15.548003,-0.009130,-0.135460,-1.450160,ndi
1786503075.336221,15.565425,-0.009150,-0.135430,-1.450140,ndi
1786503075.353554,15.582758,-0.009170,-0.135370,-1.450150,ndi
1786503075.368472,15.597676,-0.009180,-0.135340,-1.450100,ndi
1786503075.386022,15.615226,-0.009210,-0.135320,-1.450080,ndi
1786503075.403623,15.632827,-0.009230,-0.135300,-1.450070,ndi
1786503075.418557,15.647761,-0.009240,-0.135260,-1.450060,ndi
1786503075.436153,15.665357,-0.009270,-0.135210,-1.449990,ndi
1786503075.453580,15.682784,-0.009280,-0.135190,-1.449980,ndi
1786503075.468558,15.697762,-0.009310,-0.135170,-1.449980,ndi
1786503075.486007,15.715211,-0.009320,-0.135120,-1.449970,ndi
1786503075.503536,15.732740,-0.009340,-0.135080,-1.449920,ndi
1786503075.518525,15.747729,-0.009370,-0.135070,-1.449930,ndi
1786503075.536143,15.765347,-0.009380,-0.135040,-1.449890,ndi
1786503075.553542,15.782746,-0.009410,-0.134980,-1.449820,ndi
1786503075.568475,15.797678,-0.009430,-0.134940,-1.449830,ndi
1786503075.585981,15.815185,-0.009440,-0.134920,-1.449790,ndi
1786503075.603536,15.832740,-0.009480,-0.134890,-1.449740,ndi
1786503075.618555,15.847759,-0.009480,-0.134850,-1.449740,ndi
1786503075.636064,15.865268,-0.009500,-0.134800,-1.449730,ndi
1786503075.653665,15.882869,-0.009510,-0.134780,-1.449690,ndi
1786503075.668537,15.897741,-0.009540,-0.134760,-1.449680,ndi
1786503075.686003,15.915207,-0.009560,-0.134720,-1.449660,ndi
1786503075.703626,15.932830,-0.009580,-0.134670,-1.449650,ndi
1786503075.718608,15.947812,-0.009590,-0.134650,-1.449620,ndi
1786503075.736032,15.965236,-0.009630,-0.134630,-1.449600,ndi
1786503075.753675,15.982879,-0.009630,-0.134580,-1.449520,ndi
1786503075.768523,15.997726,-0.009670,-0.134540,-1.449530,ndi
1786503075.786004,16.015208,-0.009690,-0.134520,-1.449510,ndi
1786503075.803638,16.032842,-0.009700,-0.134490,-1.449480,ndi
1786503075.818680,16.047884,-0.009720,-0.134450,-1.449450,ndi
1786503075.836102,16.065305,-0.009740,-0.134400,-1.449420,ndi
1786503075.853624,16.082828,-0.009780,-0.134380,-1.449390,ndi
1786503075.868592,16.097796,-0.009780,-0.134360,-1.449370,ndi
1786503075.886019,16.115223,-0.009800,-0.134310,-1.449350,ndi
1786503075.903572,16.132776,-0.009830,-0.134260,-1.449330,ndi
1786503075.921129,16.150332,-0.009850,-0.134240,-1.449270,ndi
1786503075.936087,16.165291,-0.009860,-0.134220,-1.449260,ndi
1786503075.953548,16.182752,-0.009880,-0.134180,-1.449220,ndi
1786503075.968499,16.197703,-0.009900,-0.134130,-1.449200,ndi
1786503075.985988,16.215192,-0.009910,-0.134120,-1.449190,ndi
1786503076.003643,16.232847,-0.009940,-0.134100,-1.449160,ndi
1786503076.018667,16.247871,-0.009960,-0.134040,-1.449140,ndi
1786503076.036096,16.265300,-0.009990,-0.134000,-1.449120,ndi
1786503076.053662,16.282866,-0.010000,-0.133990,-1.449090,ndi
1786503076.068604,16.297808,-0.010020,-0.133970,-1.449080,ndi
1786503076.086004,16.315208,-0.010030,-0.133920,-1.449060,ndi
1786503076.103601,16.332805,-0.010060,-0.133870,-1.449080,ndi
1786503076.118813,16.348017,-0.010090,-0.133870,-1.449000,ndi
1786503076.136157,16.365360,-0.010100,-0.133840,-1.448980,ndi
1786503076.153551,16.382755,-0.010130,-0.133780,-1.448950,ndi
1786503076.168539,16.397743,-0.010140,-0.133750,-1.448980,ndi
1786503076.185990,16.415194,-0.010170,-0.133740,-1.448950,ndi
1786503076.203615,16.432819,-0.010180,-0.133700,-1.448920,ndi
1786503076.218683,16.447887,-0.010190,-0.133660,-1.448890,ndi
1786503076.236133,16.465337,-0.010220,-0.133630,-1.448870,ndi
1786503076.253701,16.482905,-0.010240,-0.133620,-1.448870,ndi
1786503076.268570,16.497774,-0.010260,-0.133580,-1.448820,ndi
1786503076.286037,16.515241,-0.010290,-0.133520,-1.448810,ndi
1786503076.303643,16.532846,-0.010320,-0.133500,-1.448820,ndi
1786503076.318684,16.547888,-0.010330,-0.133480,-1.448770,ndi
1786503076.336229,16.565433,-0.010340,-0.133430,-1.448720,ndi
1786503076.353691,16.582895,-0.010380,-0.133380,-1.448700,ndi
1786503076.368482,16.597686,-0.010390,-0.133360,-1.448670,ndi
1786503076.386004,16.615208,-0.010420,-0.133340,-1.448660,ndi
1786503076.403553,16.632757,-0.010450,-0.133280,-1.448620,ndi
1786503076.420966,16.650170,-0.010470,-0.133240,-1.448620,ndi
1786503076.436094,16.665298,-0.010490,-0.133230,-1.448580,ndi
1786503076.453584,16.682788,-0.010500,-0.133200,-1.448540,ndi
1786503076.468524,16.697727,-0.010540,-0.133150,-1.448530,ndi
1786503076.486016,16.715220,-0.010550,-0.133110,-1.448510,ndi
1786503076.503705,16.732908,-0.010580,-0.133090,-1.448470,ndi
1786503076.518671,16.747874,-0.010600,-0.133070,-1.448440,ndi
1786503076.536171,16.765375,-0.010620,-0.133020,-1.448430,ndi
1786503076.553691,16.782895,-0.010640,-0.132990,-1.448420,ndi
1786503076.568496,16.797699,-0.010660,-0.132980,-1.448420,ndi
1786503076.586005,16.815209,-0.010680,-0.132930,-1.448400,ndi
1786503076.603542,16.832746,-0.010720,-0.132870,-1.448350,ndi
1786503076.618591,16.847795,-0.010720,-0.132860,-1.448360,ndi
1786503076.636192,16.865396,-0.010760,-0.132830,-1.448320,ndi
1786503076.653639,16.882843,-0.010780,-0.132800,-1.448270,ndi
1786503076.668526,16.897730,-0.010790,-0.132750,-1.448300,ndi
1786503076.686105,16.915308,-0.010820,-0.132720,-1.448250,ndi
1786503076.703701,16.932905,-0.010840,-0.132690,-1.448200,ndi
1786503076.718742,16.947946,-0.010870,-0.132640,-1.448170,ndi
1786503076.736184,16.965388,-0.010900,-0.132600,-1.448150,ndi
1786503076.753708,16.982912,-0.010890,-0.132600,-1.448110,ndi
1786503076.768520,16.997724,-0.010930,-0.132570,-1.448090,ndi
1786503076.786041,17.015245,-0.010950,-0.132510,-1.448060,ndi
1786503076.803540,17.032743,-0.010960,-0.132480,-1.448060,ndi
1786503076.821128,17.050332,-0.010980,-0.132470,-1.448020,ndi
1786503076.836221,17.065425,-0.011000,-0.132430,-1.447990,ndi
1786503076.853707,17.082911,-0.011030,-0.132370,-1.447980,ndi
1786503076.868515,17.097719,-0.011050,-0.132350,-1.447980,ndi
1786503076.886055,17.115259,-0.011070,-0.132350,-1.447910,ndi
1786503076.903583,17.132787,-0.011090,-0.132300,-1.447930,ndi
1786503076.918606,17.147810,-0.011110,-0.132260,-1.447890,ndi
1786503076.936096,17.165300,-0.011140,-0.132230,-1.447870,ndi
1786503076.953655,17.182859,-0.011160,-0.132210,-1.447840,ndi
1786503076.968689,17.197893,-0.011180,-0.132160,-1.447810,ndi
1786503076.986015,17.215219,-0.011200,-0.132120,-1.447790,ndi
1786503077.003494,17.232697,-0.011220,-0.132100,-1.447740,ndi
1786503077.021144,17.250348,-0.011250,-0.132080,-1.447730,ndi
1786503077.036220,17.265424,-0.011280,-0.132030,-1.447690,ndi
1786503077.053666,17.282870,-0.011300,-0.131990,-1.447670,ndi
1786503077.068518,17.297722,-0.011300,-0.131980,-1.447660,ndi
1786503077.086036,17.315240,-0.011330,-0.131960,-1.447610,ndi
1786503077.103561,17.332765,-0.011360,-0.131900,-1.447590,ndi
1786503077.118558,17.347762,-0.011380,-0.131860,-1.447570,ndi
1786503077.136144,17.365348,-0.011400,-0.131860,-1.447540,ndi
1786503077.153569,17.382773,-0.011410,-0.131820,-1.447530,ndi
1786503077.168557,17.397761,-0.011440,-0.131770,-1.447540,ndi
1786503077.186006,17.415210,-0.011460,-0.131760,-1.447490,ndi
1786503077.203492,17.432696,-0.011460,-0.131760,-1.447530,ndi
1786503077.218666,17.447870,-0.011470,-0.131740,-1.447510,ndi
1786503077.236123,17.465327,-0.011480,-0.131720,-1.447490,ndi
1786503077.253613,17.482817,-0.011490,-0.131720,-1.447500,ndi
1786503077.268588,17.497792,-0.011490,-0.131720,-1.447470,ndi
1786503077.286080,17.515284,-0.011500,-0.131700,-1.447470,ndi
1786503077.303575,17.532779,-0.011510,-0.131680,-1.447470,ndi
1786503077.318549,17.547753,-0.011500,-0.131690,-1.447420,ndi
1786503077.336010,17.565214,-0.011520,-0.131680,-1.447410,ndi
1786503077.353713,17.582916,-0.011540,-0.131650,-1.447420,ndi
1786503077.368542,17.597746,-0.011530,-0.131650,-1.447390,ndi
1786503077.385984,17.615188,-0.011530,-0.131660,-1.447380,ndi
1786503077.403490,17.632694,-0.011530,-0.131660,-1.447400,ndi
1786503077.418533,17.647737,-0.011550,-0.131640,-1.447410,ndi
1786503077.436096,17.665300,-0.011550,-0.131650,-1.447390,ndi
1786503077.453584,17.682788,-0.011540,-0.131660,-1.447360,ndi
1786503077.468567,17.697771,-0.011540,-0.131650,-1.447400,ndi
1786503077.486123,17.715327,-0.011560,-0.131640,-1.447370,ndi
1786503077.503611,17.732815,-0.011550,-0.131660,-1.447370,ndi
1786503077.518584,17.747787,-0.011550,-0.131660,-1.447360,ndi
1786503077.536069,17.765273,-0.011550,-0.131650,-1.447390,ndi
1786503077.553586,17.782790,-0.011560,-0.131640,-1.447400,ndi
1786503077.568552,17.797755,-0.011560,-0.131660,-1.447390,ndi
1786503077.585954,17.815158,-0.011550,-0.131670,-1.447370,ndi
1786503077.603516,17.832720,-0.011540,-0.131650,-1.447390,ndi
1786503077.618574,17.847778,-0.011550,-0.131640,-1.447350,ndi
1786503077.636074,17.865278,-0.011550,-0.131660,-1.447380,ndi
1786503077.653601,17.882805,-0.011560,-0.131660,-1.447360,ndi
1786503077.668599,17.897803,-0.011570,-0.131640,-1.447370,ndi
1786503077.686083,17.915287,-0.011560,-0.131650,-1.447370,ndi
1786503077.703592,17.932796,-0.011560,-0.131670,-1.447350,ndi
1786503077.718578,17.947782,-0.011560,-0.131670,-1.447370,ndi
1786503077.736107,17.965311,-0.011560,-0.131640,-1.447370,ndi
1786503077.753644,17.982848,-0.011570,-0.131650,-1.447370,ndi
1786503077.768588,17.997792,-0.011570,-0.131670,-1.447350,ndi
1786503077.786006,18.015210,-0.011560,-0.131670,-1.447380,ndi
1786503077.803588,18.032792,-0.011560,-0.131650,-1.447390,ndi
1786503077.818586,18.047790,-0.011570,-0.131650,-1.447380,ndi
1786503077.836093,18.065297,-0.011570,-0.131660,-1.447370,ndi
1786503077.853576,18.082780,-0.011570,-0.131660,-1.447360,ndi
1786503077.868563,18.097767,-0.011560,-0.131650,-1.447390,ndi
1786503077.886110,18.115314,-0.011570,-0.131660,-1.447370,ndi
1786503077.903587,18.132791,-0.011580,-0.131660,-1.447360,ndi
1786503077.918592,18.147796,-0.011560,-0.131660,-1.447380,ndi
1786503077.936124,18.165328,-0.011560,-0.131660,-1.447390,ndi
1786503077.953610,18.182814,-0.011570,-0.131650,-1.447380,ndi
1786503077.968571,18.197775,-0.011580,-0.131660,-1.447330,ndi
1786503077.985983,18.215187,-0.011580,-0.131670,-1.447350,ndi
1786503078.003650,18.232854,-0.011560,-0.131670,-1.447380,ndi
1786503078.018826,18.248030,-0.011570,-0.131660,-1.447380,ndi
1786503078.036166,18.265370,-0.011570,-0.131650,-1.447360,ndi
1786503078.053587,18.282791,-0.011580,-0.131670,-1.447390,ndi
1786503078.068542,18.297746,-0.011570,-0.131660,-1.447350,ndi
1786503078.086088,18.315292,-0.011560,-0.131660,-1.447340,ndi
1786503078.103618,18.332822,-0.011590,-0.131660,-1.447380,ndi
1786503078.118555,18.347759,-0.011570,-0.131660,-1.447370,ndi
1786503078.136129,18.365333,-0.011580,-0.131670,-1.447390,ndi
1786503078.153683,18.382887,-0.011570,-0.131660,-1.447360,ndi
1786503078.168478,18.397682,-0.011560,-0.131650,-1.447370,ndi
1786503078.186019,18.415223,-0.011570,-0.131670,-1.447370,ndi
1786503078.203614,18.432818,-0.011580,-0.131670,-1.447350,ndi
1786503078.218702,18.447906,-0.011580,-0.131660,-1.447350,ndi
1786503078.236255,18.465459,-0.011580,-0.131650,-1.447400,ndi
1786503078.253598,18.482802,-0.011580,-0.131660,-1.447380,ndi
1786503078.268543,18.497746,-0.011590,-0.131670,-1.447340,ndi
1786503078.286196,18.515400,-0.011580,-0.131660,-1.447360,ndi
1786503078.303792,18.532995,-0.011580,-0.131660,-1.447360,ndi
1786503078.318835,18.548039,-0.011580,-0.131670,-1.447360,ndi
1786503078.336260,18.565464,-0.011590,-0.131680,-1.447380,ndi
1786503078.353698,18.582902,-0.011580,-0.131660,-1.447380,ndi
1786503078.368433,18.597636,-0.011570,-0.131650,-1.447400,ndi
1786503078.386043,18.615247,-0.011590,-0.131680,-1.447370,ndi
1786503078.403743,18.632947,-0.011580,-0.131680,-1.447340,ndi
1786503078.418752,18.647956,-0.011580,-0.131650,-1.447370,ndi
1786503078.436145,18.665349,-0.011590,-0.131650,-1.447380,ndi
1786503078.453574,18.682778,-0.011580,-0.131680,-1.447360,ndi
1786503078.468565,18.697769,-0.011580,-0.131680,-1.447360,ndi
1786503078.486071,18.715275,-0.011580,-0.131650,-1.447350,ndi
1786503078.503677,18.732881,-0.011590,-0.131660,-1.447350,ndi
1786503078.518635,18.747839,-0.011590,-0.131680,-1.447350,ndi
1786503078.536113,18.765316,-0.011570,-0.131670,-1.447370,ndi
1786503078.553631,18.782835,-0.011590,-0.131650,-1.447370,ndi
1786503078.568420,18.797624,-0.011590,-0.131660,-1.447380,ndi
1786503078.586010,18.815214,-0.011590,-0.131680,-1.447330,ndi
1786503078.603636,18.832840,-0.011590,-0.131660,-1.447340,ndi
1786503078.618767,18.847971,-0.011590,-0.131650,-1.447370,ndi
1786503078.636286,18.865490,-0.011590,-0.131660,-1.447350,ndi
1786503078.653714,18.882918,-0.011590,-0.131680,-1.447370,ndi
1786503078.668559,18.897763,-0.011590,-0.131660,-1.447380,ndi
1786503078.686072,18.915276,-0.011590,-0.131640,-1.447370,ndi
1786503078.703667,18.932871,-0.011590,-0.131670,-1.447370,ndi
1786503078.718654,18.947858,-0.011590,-0.131680,-1.447360,ndi
1786503078.736238,18.965442,-0.011600,-0.131660,-1.447370,ndi
1786503078.753584,18.982788,-0.011590,-0.131650,-1.447370,ndi
1786503078.768509,18.997713,-0.011570,-0.131670,-1.447390,ndi
1786503078.786065,19.015269,-0.011590,-0.131680,-1.447370,ndi
1786503078.803640,19.032844,-0.011590,-0.131660,-1.447370,ndi
1786503078.818874,19.048078,-0.011600,-0.131650,-1.447340,ndi
1786503078.836261,19.065464,-0.011590,-0.131670,-1.447350,ndi
1786503078.853573,19.082777,-0.011590,-0.131680,-1.447360,ndi
1786503078.868564,19.097768,-0.011600,-0.131660,-1.447350,ndi
1786503078.886077,19.115281,-0.011590,-0.131650,-1.447390,ndi
1786503078.903753,19.132957,-0.011590,-0.131670,-1.447370,ndi
1786503078.918834,19.148038,-0.011590,-0.131680,-1.447340,ndi
1786503078.936133,19.165337,-0.011590,-0.131670,-1.447360,ndi
1786503078.953578,19.182782,-0.011600,-0.131660,-1.447360,ndi
1786503078.968474,19.197678,-0.011570,-0.131670,-1.447350,ndi
1786503078.986087,19.215291,-0.011590,-0.131670,-1.447340,ndi
1786503079.003575,19.232779,-0.011600,-0.131660,-1.447370,ndi
1786503079.018589,19.247793,-0.011590,-0.131660,-1.447350,ndi
1786503079.036083,19.265287,-0.011600,-0.131670,-1.447350,ndi
1786503079.053596,19.282800,-0.011590,-0.131680,-1.447340,ndi
1786503079.068594,19.297798,-0.011600,-0.131670,-1.447370,ndi
1786503079.086113,19.315317,-0.011590,-0.131660,-1.447370,ndi
1786503079.103601,19.332805,-0.011590,-0.131670,-1.447350,ndi
1786503079.118572,19.347776,-0.011600,-0.131680,-1.447360,ndi
1786503079.136122,19.365326,-0.011600,-0.131670,-1.447340,ndi
1786503079.153491,19.382695,-0.011600,-0.131670,-1.447370,ndi
1786503079.169487,19.398691,-0.011600,-0.131660,-1.447340,ndi
1786503079.186075,19.415279,-0.011600,-0.131670,-1.447340,ndi
1786503079.203626,19.432830,-0.011600,-0.131670,-1.447350,ndi
1786503079.218607,19.447811,-0.011600,-0.131670,-1.447350,ndi
1786503079.236187,19.465391,-0.011600,-0.131670,-1.447340,ndi
1786503079.253610,19.482814,-0.011590,-0.131680,-1.447350,ndi
1786503079.268550,19.497754,-0.011600,-0.131680,-1.447360,ndi
1786503079.286106,19.515310,-0.011610,-0.131660,-1.447360,ndi
1786503079.303690,19.532894,-0.011590,-0.131660,-1.447340,ndi
1786503079.318627,19.547831,-0.011600,-0.131670,-1.447340,ndi
1786503079.336074,19.565278,-0.011600,-0.131680,-1.447350,ndi
1786503079.353492,19.582696,-0.011580,-0.131670,-1.447350,ndi
1786503079.368563,19.597767,-0.011610,-0.131660,-1.447350,ndi
1786503079.386042,19.615246,-0.011600,-0.131680,-1.447350,ndi
1786503079.403605,19.632809,-0.011600,-0.131680,-1.447370,ndi
1786503079.418660,19.647864,-0.011600,-0.131670,-1.447360,ndi
1786503079.436075,19.665279,-0.011610,-0.131670,-1.447350,ndi
1786503079.453606,19.682810,-0.011600,-0.131680,-1.447350,ndi
1786503079.468597,19.697801,-0.011600,-0.131680,-1.447340,ndi
1786503079.486092,19.715296,-0.011600,-0.131670,-1.447340,ndi
1786503079.503684,19.732888,-0.011600,-0.131660,-1.447370,ndi
1786503079.518847,19.748051,-0.011600,-0.131680,-1.447370,ndi
1786503079.536213,19.765417,-0.011600,-0.131680,-1.447350,ndi
1786503079.553621,19.782825,-0.011580,-0.131670,-1.447360,ndi
1786503079.568553,19.797757,-0.011600,-0.131670,-1.447330,ndi
1786503079.586117,19.815321,-0.011610,-0.131680,-1.447340,ndi
1786503079.604165,19.833369,-0.011610,-0.131670,-1.447350,ndi
1786503079.618850,19.848053,-0.011600,-0.131660,-1.447370,ndi
1786503079.636259,19.865463,-0.011610,-0.131670,-1.447340,ndi
1786503079.653699,19.882903,-0.011610,-0.131680,-1.447350,ndi
1786503079.668576,19.897779,-0.011610,-0.131680,-1.447340,ndi
1786503079.686092,19.915296,-0.011610,-0.131670,-1.447340,ndi
1786503079.703688,19.932892,-0.011610,-0.131680,-1.447360,ndi
1786503079.718640,19.947844,-0.011600,-0.131680,-1.447340,ndi
1786503079.736097,19.965301,-0.011610,-0.131670,-1.447350,ndi
1786503079.753657,19.982861,-0.011620,-0.131670,-1.447340,ndi
1786503079.768587,19.997791,-0.011610,-0.131680,-1.447330,ndi
1786503079.786099,20.015303,-0.011610,-0.131690,-1.447320,ndi
